id,claim_or_proof,evidence_status,wording_review_status,permission_status,source,checked_date,allowed_use,missing_or_limitations
P001,Eurotents work candidate,OBSERVED,PENDING,TO_VERIFY,proof/MEDON-PROOF-LIBRARY.md and https://medon.no/,2026-10-05,Internal Gate 1 research only,Work scope is not sales uplift; exact naming/media/wording permission needed
P002,Helt Opplagt work candidate,OBSERVED,PENDING,TO_VERIFY,proof/MEDON-PROOF-LIBRARY.md and https://medon.no/,2026-10-05,Internal Gate 1 research only,Work scope and client size are not conversion result proof
P003,Beck Maskin work candidate,OBSERVED,PENDING,TO_VERIFY,proof/MEDON-PROOF-LIBRARY.md and https://medon.no/,2026-10-05,Internal Gate 1 research only,No qualified lead or revenue uplift substantiated
P004,PKH work candidate,OBSERVED,PENDING,TO_VERIFY,proof/MEDON-PROOF-LIBRARY.md and https://medon.no/,2026-10-05,Internal Gate 1 research only,Recognizable client is not growth proof
P005,Gram Car Carriers work candidate,OBSERVED,PENDING,TO_VERIFY,proof/MEDON-PROOF-LIBRARY.md and https://medon.no/,2026-10-05,Internal Gate 1 research only,Capability candidate only; public claim permission unresolved
P101,Unassigned CPL evidence lead,UNKNOWN,PENDING,TO_VERIFY,proof/MEDON-PROOF-LIBRARY.md,2026-10-05,DO_NOT_PUBLISH,Customer/periods/spend/qualified-lead definitions/intervention missing; do not assign to client
P102,Unassigned ROAS evidence lead,UNKNOWN,PENDING,TO_VERIFY,proof/MEDON-PROOF-LIBRARY.md,2026-10-05,DO_NOT_PUBLISH,Comparable revenue/spend/attribution/periods/intervention missing; do not assign to client
P103,Unassigned conversion evidence lead,UNKNOWN,PENDING,TO_VERIFY,proof/MEDON-PROOF-LIBRARY.md,2026-10-05,DO_NOT_PUBLISH,Comparable traffic/conversions/quality/periods/work log missing; do not assign to client
P104,Helt Opplagt conversion evidence lead,CLIENT_CONFIRMED,PENDING,TO_VERIFY,proof/MEDON-PROOF-LIBRARY.md imported owner report 2026-10-03,2026-10-05,DO_NOT_PUBLISH,Imported owner report not fresh confirmation; source verification/action/denominator/baseline/result/periods/intervention/continuity/context/approved wording missing
P105,Nysta growth evidence lead,CLIENT_CONFIRMED,PENDING,TO_VERIFY,proof/MEDON-PROOF-LIBRARY.md imported owner report 2026-10-03,2026-10-05,DO_NOT_PUBLISH,Growth metric undefined; source verification/baseline/result/periods/intervention/context/approved wording missing; do not relabel as revenue/orders
